date,cumulative_gains
2013-01-04,0.0
2013-01-07,0.0
2013-01-08,0.0
2013-01-09,0.0
2013-01-10,0.0
2013-01-11,0.0
2013-01-15,0.0
2013-01-16,0.0
2013-01-17,0.0
2013-01-18,0.0
2013-01-21,-91242.0918
2013-01-22,-158927.45130000002
2013-01-23,-531812.6238000001
2013-01-24,-551481.448
2013-01-25,-564113.3368
2013-01-28,-564113.3368
2013-01-29,-591678.6337000002
2013-01-30,-598998.2069000002
2013-01-31,-629607.3041000002
2013-02-01,-643970.4214000001
2013-02-04,-676824.3773000002
2013-02-05,-908548.6981
2013-02-06,-908548.6981
2013-02-07,-942567.6466000001
2013-02-08,-1200757.2599
2013-02-12,-1233678.3229999999
2013-02-13,-1309281.3901999998
2013-02-14,-1364323.2925
2013-02-15,-1513999.8965999994
2013-02-18,-1539427.6471999993
2013-02-19,-1592387.2799999996
2013-02-20,-1603486.2188999995
2013-02-21,-1636021.0761999998
2013-02-22,-1639471.9312999996
2013-02-25,-1639471.9312999996
2013-02-26,-1639471.9312999996
2013-02-27,-1673263.9786999996
2013-02-28,-1673263.9786999996
2013-03-01,-1666524.8333999997
2013-03-04,-1629911.5253999995
2013-03-05,-1635776.4008999995
2013-03-06,-1635776.4008999995
2013-03-07,-1648797.6937
2013-03-08,-1649445.6937
2013-03-11,-1649445.6937
2013-03-12,-1652912.3869
2013-03-13,-1666865.4417
2013-03-14,-1666865.4417
2013-03-15,-1676147.7200999998
2013-03-18,-1709787.8397999995
2013-03-19,-1709787.8397999995
2013-03-21,-1709787.8397999995
2013-03-22,-1714626.0173999995
2013-03-25,-1716086.1401999996
2013-03-26,-1716086.1401999996
2013-03-27,-1714730.3719999997
2013-03-28,-1724167.9629999998
2013-03-29,-1724167.9629999998
2013-04-01,-1724167.9629999998
2013-04-02,-1724167.9629999998
2013-04-03,-1724167.9629999998
2013-04-04,-1719349.2427999994
2013-04-05,-1651947.5521999996
2013-04-08,-1620091.2024999994
2013-04-09,-1620091.2024999994
2013-04-10,-1620091.2024999994
2013-04-11,-1620091.2024999994
2013-04-12,-1620091.2024999994
2013-04-15,-1626021.8511999997
2013-04-16,-1639750.8678999997
2013-04-17,-1662934.0611999996
2013-04-18,-1690648.3079999995
2013-04-19,-1701503.6489999995
2013-04-22,-1701503.6489999995
2013-04-23,-1701503.6489999995
2013-04-24,-1701503.6489999995
2013-04-25,-1701503.6489999995
2013-04-26,-1714291.0410999993
2013-04-30,-1714291.0410999993
2013-05-01,-1714291.0410999993
2013-05-02,-1714291.0410999993
2013-05-07,-1701680.5382999994
2013-05-08,-1694126.5659999994
2013-05-09,-1694126.5659999994
2013-05-10,-1675736.6389999997
2013-05-13,-1675736.6389999997
2013-05-14,-1663376.5629999998
2013-05-15,-1644437.9047999994
2013-05-16,-1649438.8895999996
2013-05-17,-1649438.8895999996
2013-05-20,-1649438.8895999996
2013-05-21,-1649438.8895999996
2013-05-22,-1649438.8895999996
2013-05-23,-1669418.4547999997
2013-05-24,-1669418.4547999997
2013-05-27,-1669418.4547999997
2013-05-28,-1669418.4547999997
2013-05-29,-1669418.4547999997
2013-05-30,-1669418.4547999997
2013-05-31,-1669418.4547999997
2013-06-03,-1669418.4547999997
2013-06-04,-1669418.4547999997
2013-06-05,-1669418.4547999997
2013-06-06,-1669418.4547999997
2013-06-07,-1669418.4547999997
2013-06-10,-1669418.4547999997
2013-06-11,-1669418.4547999997
2013-06-12,-1669418.4547999997
2013-06-13,-1669418.4547999997
2013-06-14,-1669418.4547999997
2013-06-17,-1669418.4547999997
2013-06-18,-1669418.4547999997
2013-06-19,-1669418.4547999997
2013-06-20,-1669418.4547999997
2013-06-21,-1668183.0177999998
2013-06-24,-1668183.0177999998
2013-06-25,-1668183.0177999998
2013-06-26,-1681922.6295999994
2013-06-27,-1681922.6295999994
2013-06-28,-1681922.6295999994
2013-07-01,-1681922.6295999994
2013-07-02,-1681922.6295999994
2013-07-03,-1681922.6295999994
2013-07-04,-1681922.6295999994
2013-07-05,-1681922.6295999994
2013-07-08,-1693769.4023999993
2013-07-09,-1693769.4023999993
2013-07-10,-1693769.4023999993
2013-07-11,-1693769.4023999993
2013-07-12,-1693769.4023999993
2013-07-16,-1693769.4023999993
2013-07-17,-1693769.4023999993
2013-07-18,-1693769.4023999993
2013-07-19,-1700926.7826999992
2013-07-22,-1753008.0958999994
2013-07-23,-1753008.0958999994
2013-07-24,-1753008.0958999994
2013-07-25,-1765515.1484999994
2013-07-26,-1765515.1484999994
2013-07-29,-1765515.1484999994
2013-07-30,-1765515.1484999994
2013-07-31,-1765515.1484999994
2013-08-01,-1745363.9914999998
2013-08-02,-1725048.1721999997
2013-08-05,-1725048.1721999997
2013-08-06,-1725048.1721999997
2013-08-07,-1725048.1721999997
2013-08-08,-1725048.1721999997
2013-08-09,-1725048.1721999997
2013-08-12,-1725048.1721999997
2013-08-13,-1725048.1721999997
2013-08-14,-1725048.1721999997
2013-08-15,-1725048.1721999997
2013-08-16,-1725048.1721999997
2013-08-19,-1725048.1721999997
2013-08-20,-1725048.1721999997
2013-08-21,-1725048.1721999997
2013-08-22,-1725048.1721999997
2013-08-23,-1725048.1721999997
2013-08-26,-1725048.1721999997
2013-08-27,-1725048.1721999997
2013-08-28,-1725048.1721999997
2013-08-29,-1725048.1721999997
2013-08-30,-1725048.1721999997
2013-09-02,-1725048.1721999997
2013-09-03,-1723135.4161999996
2013-09-04,-1720636.8201
2013-09-05,-1720636.8201
2013-09-06,-1720636.8201
2013-09-09,-1722917.8412999997
2013-09-10,-1722917.8412999997
2013-09-11,-1722917.8412999997
2013-09-12,-1722917.8412999997
2013-09-13,-1722917.8412999997
2013-09-17,-1722917.8412999997
2013-09-18,-1722917.8412999997
2013-09-19,-1722917.8412999997
2013-09-20,-1722917.8412999997
2013-09-24,-1722917.8412999997
2013-09-25,-1722917.8412999997
2013-09-26,-1713845.7976999998
2013-09-27,-1713845.7976999998
2013-09-30,-1713845.7976999998
2013-10-01,-1713845.7976999998
2013-10-02,-1751893.4722999998
2013-10-03,-1751893.4722999998
2013-10-04,-1751893.4722999998
2013-10-07,-1751893.4722999998
2013-10-08,-1751893.4722999998
2013-10-09,-1751893.4722999998
2013-10-10,-1751893.4722999998
2013-10-11,-1751893.4722999998
2013-10-15,-1751893.4722999998
2013-10-16,-1748862.6323
2013-10-17,-1748862.6323
2013-10-18,-1748862.6323
2013-10-21,-1748862.6323
2013-10-22,-1748862.6323
2013-10-23,-1748862.6323
2013-10-24,-1748862.6323
2013-10-25,-1752286.5895
2013-10-28,-1752286.5895
2013-10-29,-1748332.8395
2013-10-30,-1748332.8395
2013-10-31,-1748332.8395
2013-11-01,-1753400.5478
2013-11-05,-1753400.5478
2013-11-06,-1753400.5478
2013-11-07,-1753400.5478
2013-11-08,-1753400.5478
2013-11-11,-1753400.5478
2013-11-12,-1753400.5478
2013-11-13,-1753400.5478
2013-11-14,-1753400.5478
2013-11-15,-1753400.5478
2013-11-18,-1753400.5478
2013-11-19,-1753400.5478
2013-11-20,-1753400.5478
2013-11-21,-1753400.5478
2013-11-22,-1753400.5478
2013-11-25,-1753400.5478
2013-11-26,-1771483.3398
2013-11-27,-1771483.3398
2013-11-28,-1771483.3398
2013-11-29,-1771483.3398
2013-12-02,-1771483.3398
2013-12-03,-1771483.3398
2013-12-04,-1771483.3398
2013-12-05,-1771483.3398
2013-12-06,-1771483.3398
2013-12-09,-1743604.2937999999
2013-12-10,-1743604.2937999999
2013-12-11,-1743604.2937999999
2013-12-12,-1743604.2937999999
2013-12-13,-1743604.2937999999
2013-12-16,-1743604.2937999999
2013-12-17,-1743604.2937999999
2013-12-18,-1743604.2937999999
2013-12-19,-1736110.7475999997
2013-12-20,-1736110.7475999997
2013-12-24,-1736110.7475999997
2013-12-25,-1736110.7475999997
2013-12-26,-1712376.7792999998
2013-12-27,-1712376.7792999998
2013-12-30,-1712376.7792999998
2014-01-06,-1712376.7792999998
2014-01-07,-1712376.7792999998
2014-01-08,-1712376.7792999998
2014-01-09,-1712376.7792999998
2014-01-10,-1712376.7792999998
2014-01-14,-1712376.7792999998
2014-01-15,-1712376.7792999998
2014-01-16,-1712376.7792999998
2014-01-17,-1712376.7792999998
2014-01-20,-1712376.7792999998
2014-01-21,-1712376.7792999998
2014-01-22,-1712376.7792999998
2014-01-23,-1712376.7792999998
2014-01-24,-1712376.7792999998
2014-01-27,-1712376.7792999998
2014-01-28,-1712376.7792999998
2014-01-29,-1712376.7792999998
2014-01-30,-1712376.7792999998
2014-01-31,-1660534.6632999994
2014-02-03,-1660534.6632999994
2014-02-04,-1660534.6632999994
2014-02-05,-1660534.6632999994
2014-02-06,-1660534.6632999994
2014-02-07,-1660534.6632999994
2014-02-10,-1660534.6632999994
2014-02-12,-1660534.6632999994
2014-02-13,-1660534.6632999994
2014-02-14,-1660534.6632999994
2014-02-17,-1660534.6632999994
2014-02-18,-1660534.6632999994
2014-02-19,-1660534.6632999994
2014-02-20,-1660534.6632999994
2014-02-21,-1660534.6632999994
2014-02-24,-1660534.6632999994
2014-02-25,-1660534.6632999994
2014-02-26,-1660534.6632999994
2014-02-27,-1660534.6632999994
2014-02-28,-1660534.6632999994
2014-03-03,-1660534.6632999994
2014-03-04,-1660534.6632999994
2014-03-05,-1660534.6632999994
2014-03-06,-1660534.6632999994
2014-03-07,-1660534.6632999994
2014-03-10,-1660534.6632999994
2014-03-11,-1660534.6632999994
2014-03-12,-1660534.6632999994
2014-03-13,-1680396.2568999997
2014-03-14,-1733161.2528999995
2014-03-17,-1733161.2528999995
2014-03-18,-1733161.2528999995
2014-03-19,-1733161.2528999995
2014-03-20,-1733161.2528999995
2014-03-24,-1733161.2528999995
2014-03-25,-1733161.2528999995
2014-03-26,-1733161.2528999995
2014-03-27,-1732581.2968999997
2014-03-28,-1732581.2968999997
2014-03-31,-1732581.2968999997
2014-04-01,-1732581.2968999997
2014-04-02,-1732581.2968999997
2014-04-03,-1732581.2968999997
2014-04-04,-1732581.2968999997
2014-04-07,-1732581.2968999997
2014-04-08,-1732581.2968999997
2014-04-09,-1732581.2968999997
2014-04-10,-1732581.2968999997
2014-04-11,-1732581.2968999997
2014-04-14,-1732581.2968999997
2014-04-15,-1732581.2968999997
2014-04-16,-1732581.2968999997
2014-04-17,-1732581.2968999997
2014-04-18,-1732581.2968999997
2014-04-21,-1732581.2968999997
2014-04-22,-1732581.2968999997
2014-04-23,-1732581.2968999997
2014-04-24,-1732581.2968999997
2014-04-25,-1732581.2968999997
2014-04-28,-1732581.2968999997
2014-04-30,-1732581.2968999997
2014-05-01,-1732581.2968999997
2014-05-02,-1732581.2968999997
2014-05-07,-1732581.2968999997
2014-05-08,-1732581.2968999997
2014-05-09,-1732581.2968999997
2014-05-12,-1732581.2968999997
2014-05-13,-1732581.2968999997
2014-05-14,-1732581.2968999997
2014-05-15,-1732581.2968999997
2014-05-16,-1732581.2968999997
2014-05-19,-1732581.2968999997
2014-05-20,-1732581.2968999997
2014-05-21,-1697242.0271999997
2014-05-22,-1697242.0271999997
2014-05-23,-1697242.0271999997
2014-05-26,-1697242.0271999997
2014-05-27,-1697242.0271999997
2014-05-28,-1697242.0271999997
2014-05-29,-1697242.0271999997
2014-05-30,-1697242.0271999997
2014-06-02,-1697242.0271999997
2014-06-03,-1697242.0271999997
2014-06-04,-1697242.0271999997
2014-06-05,-1697242.0271999997
2014-06-06,-1697242.0271999997
2014-06-09,-1697242.0271999997
2014-06-10,-1697242.0271999997
2014-06-11,-1697242.0271999997
2014-06-12,-1697242.0271999997
2014-06-13,-1697242.0271999997
2014-06-16,-1703152.1031999995
2014-06-17,-1703152.1031999995
2014-06-18,-1699129.2717999995
2014-06-19,-1689661.1186999998
2014-06-20,-1676097.9236999995
2014-06-23,-1676097.9236999995
2014-06-24,-1676097.9236999995
2014-06-25,-1676097.9236999995
2014-06-26,-1671667.8056999997
2014-06-27,-1671667.8056999997
2014-06-30,-1671667.8056999997
2014-07-01,-1663985.3441999995
2014-07-02,-1663985.3441999995
2014-07-03,-1651417.6141999995
2014-07-04,-1651417.6141999995
2014-07-07,-1651417.6141999995
2014-07-08,-1642076.7651999996
2014-07-09,-1642076.7651999996
2014-07-10,-1642076.7651999996
2014-07-11,-1642076.7651999996
2014-07-14,-1626066.9426999998
2014-07-15,-1626066.9426999998
2014-07-16,-1626066.9426999998
2014-07-17,-1525348.0858999996
2014-07-18,-1525348.0858999996
2014-07-22,-1525348.0858999996
2014-07-23,-1525348.0858999996
2014-07-24,-1512206.3718999994
2014-07-25,-1512206.3718999994
2014-07-28,-1512206.3718999994
2014-07-29,-1512206.3718999994
2014-07-30,-1512206.3718999994
2014-07-31,-1512206.3718999994
2014-08-01,-1512206.3718999994
2014-08-04,-1515313.9071999996
2014-08-05,-1515313.9071999996
2014-08-06,-1515313.9071999996
2014-08-07,-1515313.9071999996
2014-08-08,-1515313.9071999996
2014-08-11,-1515313.9071999996
2014-08-12,-1515313.9071999996
2014-08-13,-1515313.9071999996
2014-08-14,-1515313.9071999996
2014-08-15,-1515313.9071999996
2014-08-18,-1515313.9071999996
2014-08-19,-1515313.9071999996
2014-08-20,-1515313.9071999996
2014-08-21,-1515313.9071999996
2014-08-22,-1515313.9071999996
2014-08-25,-1515313.9071999996
2014-08-26,-1515313.9071999996
2014-08-27,-1515313.9071999996
2014-08-28,-1496923.9407999997
2014-08-29,-1496923.9407999997
2014-09-01,-1496923.9407999997
2014-09-02,-1496923.9407999997
2014-09-03,-1496923.9407999997
2014-09-04,-1496923.9407999997
2014-09-05,-1496923.9407999997
2014-09-08,-1496923.9407999997
2014-09-09,-1496923.9407999997
2014-09-10,-1496923.9407999997
2014-09-11,-1496923.9407999997
2014-09-12,-1496923.9407999997
2014-09-16,-1496923.9407999997
2014-09-17,-1496923.9407999997
2014-09-18,-1496923.9407999997
2014-09-19,-1496923.9407999997
2014-09-22,-1496923.9407999997
2014-09-24,-1496923.9407999997
2014-09-25,-1496923.9407999997
2014-09-26,-1496923.9407999997
2014-09-29,-1496923.9407999997
2014-09-30,-1496923.9407999997
2014-10-01,-1496923.9407999997
2014-10-02,-1496923.9407999997
2014-10-03,-1496923.9407999997
2014-10-06,-1496923.9407999997
2014-10-07,-1496923.9407999997
2014-10-08,-1496923.9407999997
2014-10-09,-1496923.9407999997
2014-10-10,-1496923.9407999997
2014-10-14,-1496923.9407999997
2014-10-15,-1496923.9407999997
2014-10-16,-1503355.2375999999
2014-10-17,-1503355.2375999999
2014-10-20,-1503355.2375999999
2014-10-21,-1503355.2375999999
2014-10-22,-1503355.2375999999
2014-10-23,-1503355.2375999999
2014-10-24,-1503355.2375999999
2014-10-27,-1503355.2375999999
2014-10-28,-1503355.2375999999
2014-10-29,-1503355.2375999999
2014-10-30,-1503355.2375999999
2014-10-31,-1503355.2375999999
2014-11-04,-1503355.2375999999
2014-11-05,-1503355.2375999999
2014-11-06,-1503355.2375999999
2014-11-07,-1503355.2375999999
2014-11-10,-1505677.2375999999
2014-11-11,-1505677.2375999999
2014-11-12,-1505677.2375999999
2014-11-13,-1505677.2375999999
2014-11-14,-1505677.2375999999
2014-11-17,-1505677.2375999999
2014-11-18,-1505677.2375999999
2014-11-19,-1505677.2375999999
2014-11-20,-1505677.2375999999
2014-11-21,-1505677.2375999999
2014-11-25,-1505677.2375999999
2014-11-26,-1505677.2375999999
2014-11-27,-1505677.2375999999
2014-11-28,-1505677.2375999999
2014-12-01,-1505677.2375999999
2014-12-02,-1505677.2375999999
2014-12-03,-1505677.2375999999
2014-12-04,-1471980.4851999998
2014-12-05,-1471980.4851999998
2014-12-08,-1471980.4851999998
2014-12-09,-1460631.4174
2014-12-10,-1460631.4174
2014-12-11,-1460631.4174
2014-12-12,-1460631.4174
2014-12-15,-1460631.4174
2014-12-16,-1460631.4174
2014-12-17,-1460631.4174
2014-12-18,-1460631.4174
2014-12-19,-1022669.2412999998
2014-12-22,-1022669.2412999998
2014-12-24,-1022669.2412999998
2014-12-25,-1022669.2412999998
2014-12-26,-1022669.2412999998
2014-12-29,-1022669.2412999998
2014-12-30,-1022669.2412999998
2015-01-05,-1022669.2412999998
2015-01-06,-1022669.2412999998
2015-01-07,-1022669.2412999998
2015-01-08,-1001380.3239999999
2015-01-09,-1001380.3239999999
2015-01-13,-1001380.3239999999
2015-01-14,-1001380.3239999999
2015-01-15,-991874.7579999998
2015-01-16,-981534.7869999999
2015-01-19,-981534.7869999999
2015-01-20,-981534.7869999999
2015-01-21,-981534.7869999999
2015-01-22,-981534.7869999999
2015-01-23,-981534.7869999999
2015-01-26,-981534.7869999999
2015-01-27,-981534.7869999999
2015-01-28,-981534.7869999999
2015-01-29,-981534.7869999999
2015-01-30,-971388.714
2015-02-02,-1009971.6141999996
2015-02-03,-1009971.6141999996
2015-02-04,-1009971.6141999996
2015-02-05,-1009971.6141999996
2015-02-06,-1009971.6141999996
2015-02-09,-1009971.6141999996
2015-02-10,-1009971.6141999996
2015-02-12,-1009971.6141999996
2015-02-13,-1009971.6141999996
2015-02-16,-1009971.6141999996
2015-02-17,-1009971.6141999996
2015-02-18,-1009971.6141999996
2015-02-19,-1009971.6141999996
2015-02-20,-1009971.6141999996
2015-02-23,-1009971.6141999996
2015-02-24,-1009971.6141999996
2015-02-25,-1009971.6141999996
2015-02-26,-1009971.6141999996
2015-02-27,-1009971.6141999996
2015-03-02,-1009971.6141999996
2015-03-03,-921384.6457999999
2015-03-04,-921384.6457999999
2015-03-05,-880007.7137000001
2015-03-06,-866753.6037000002
2015-03-09,-866753.6037000002
2015-03-10,-866753.6037000002
2015-03-11,-866753.6037000002
2015-03-12,-866753.6037000002
2015-03-13,-833601.1487000001
2015-03-16,-833601.1487000001
2015-03-17,-796785.6193000003
2015-03-18,-707224.0209
2015-03-19,-707224.0209
2015-03-20,-707224.0209
2015-03-23,-693262.4355
2015-03-24,-685900.8882999999
2015-03-25,-676124.6552999999
2015-03-26,-656099.6893000001
2015-03-27,-646459.3355000002
2015-03-30,-646459.3355000002
2015-03-31,-646459.3355000002
2015-04-01,-646459.3355000002
2015-04-02,-646459.3355000002
2015-04-03,-629218.5575000002
2015-04-06,-629218.5575000002
2015-04-07,-629218.5575000002
2015-04-08,-629218.5575000002
2015-04-09,-629218.5575000002
2015-04-10,-629218.5575000002
2015-04-13,-629218.5575000002
2015-04-14,-629218.5575000002
2015-04-15,-629218.5575000002
2015-04-16,-605860.0517000003
2015-04-17,-605860.0517000003
2015-04-20,-605860.0517000003
2015-04-21,-601484.1186000003
2015-04-22,-547546.9780000002
2015-04-23,-534782.5666000004
2015-04-24,-534782.5666000004
2015-04-27,-534782.5666000004
2015-04-28,-534782.5666000004
2015-04-30,-534782.5666000004
2015-05-01,-534782.5666000004
2015-05-07,-534782.5666000004
2015-05-08,-534782.5666000004
2015-05-11,-477338.46290000004
2015-05-12,-451063.4029
2015-05-13,-451063.4029
2015-05-14,-451063.4029
2015-05-15,-451063.4029
2015-05-18,-451063.4029
2015-05-19,-451063.4029
2015-05-20,-418614.6082
2015-05-21,-418614.6082
2015-05-22,-418614.6082
2015-05-25,-418614.6082
2015-05-26,-418614.6082
2015-05-27,-418614.6082
2015-05-28,-418614.6082
2015-05-29,-418614.6082
2015-06-01,-418614.6082
2015-06-02,-418614.6082
2015-06-03,-418614.6082
2015-06-04,-418614.6082
2015-06-05,-418614.6082
2015-06-08,-418614.6082
2015-06-09,-418614.6082
2015-06-10,-418614.6082
2015-06-11,-418614.6082
2015-06-12,-418614.6082
2015-06-15,-413965.3180999999
2015-06-16,-368089.63010000007
2015-06-17,-368089.63010000007
2015-06-18,-368089.63010000007
2015-06-19,-348470.72109999985
2015-06-22,-348470.72109999985
2015-06-23,-334787.45779999974
2015-06-24,-281362.41209999996
2015-06-25,-281362.41209999996
2015-06-26,-281362.41209999996
2015-06-29,-333701.51639999996
2015-06-30,-333701.51639999996
2015-07-01,-333701.51639999996
2015-07-02,-333701.51639999996
2015-07-03,-333701.51639999996
2015-07-06,-333701.51639999996
2015-07-07,-333701.51639999996
2015-07-08,-333701.51639999996
2015-07-09,-333701.51639999996
2015-07-10,-333701.51639999996
2015-07-13,-333701.51639999996
2015-07-14,-333701.51639999996
2015-07-15,-333701.51639999996
2015-07-16,-333701.51639999996
2015-07-17,-333701.51639999996
2015-07-21,-333701.51639999996
2015-07-22,-333701.51639999996
2015-07-23,-333701.51639999996
2015-07-24,-333701.51639999996
2015-07-27,-333701.51639999996
2015-07-28,-333701.51639999996
2015-07-29,-333701.51639999996
2015-07-30,-292536.9452000001
2015-07-31,-292536.9452000001
2015-08-03,-292536.9452000001
2015-08-04,-292536.9452000001
2015-08-05,-292536.9452000001
2015-08-06,-292536.9452000001
2015-08-07,-292536.9452000001
2015-08-10,-292536.9452000001
2015-08-11,-292536.9452000001
2015-08-12,-292536.9452000001
2015-08-13,-292536.9452000001
2015-08-14,-292536.9452000001
2015-08-17,-292536.9452000001
2015-08-18,-292536.9452000001
2015-08-19,-292536.9452000001
2015-08-20,-292536.9452000001
2015-08-21,-292536.9452000001
2015-08-24,-292536.9452000001
2015-08-25,-301768.59530000004
2015-08-26,-301768.59530000004
2015-08-27,-301768.59530000004
2015-08-28,-301768.59530000004
2015-08-31,-301768.59530000004
2015-09-01,-301768.59530000004
2015-09-02,-301768.59530000004
2015-09-03,-290239.9133
2015-09-04,-290239.9133
2015-09-07,-290239.9133
2015-09-08,-290239.9133
2015-09-09,-277696.7069
2015-09-10,-277696.7069
2015-09-11,-277696.7069
2015-09-14,-277696.7069
2015-09-15,-264398.89639999997
2015-09-16,-264398.89639999997
2015-09-17,-264398.89639999997
2015-09-18,-264398.89639999997
2015-09-24,-264398.89639999997
2015-09-25,-264398.89639999997
2015-09-28,-264398.89639999997
2015-09-29,-264398.89639999997
2015-09-30,-264398.89639999997
2015-10-01,-253613.8608
2015-10-02,-253613.8608
2015-10-05,-253613.8608
2015-10-06,-253613.8608
2015-10-07,-253613.8608
2015-10-08,-253613.8608
2015-10-09,-880417.4823
2015-10-13,-880417.4823
2015-10-14,-880417.4823
2015-10-15,-886609.8963
2015-10-16,-889943.7855
2015-10-19,-889943.7855
2015-10-20,-889943.7855
2015-10-21,-889943.7855
2015-10-22,-889943.7855
2015-10-23,-889943.7855
2015-10-26,-889943.7855
2015-10-27,-889943.7855
2015-10-28,-889943.7855
2015-10-29,-895696.7487
2015-10-30,-895696.7487
2015-11-02,-895696.7487
2015-11-04,-895696.7487
2015-11-05,-895696.7487
2015-11-06,-895696.7487
2015-11-09,-895696.7487
2015-11-10,-895696.7487
2015-11-11,-895696.7487
2015-11-12,-895696.7487
2015-11-13,-895696.7487
2015-11-16,-895696.7487
2015-11-17,-895696.7487
2015-11-18,-895696.7487
2015-11-19,-895696.7487
2015-11-20,-895696.7487
2015-11-24,-885556.471
2015-11-25,-885556.471
2015-11-26,-885556.471
2015-11-27,-885556.471
2015-11-30,-837158.2295
2015-12-01,-837158.2295
2015-12-02,-837158.2295
2015-12-03,-837158.2295
2015-12-04,-837158.2295
2015-12-07,-837158.2295
2015-12-08,-844920.2201
2015-12-09,-844920.2201
2015-12-10,-857543.5490000001
2015-12-11,-857543.5490000001
2015-12-14,-857543.5490000001
2015-12-15,-857543.5490000001
2015-12-16,-828803.9955000001
2015-12-17,-673692.0919000001
2015-12-18,-673692.0919000001
2015-12-21,-673692.0919000001
2015-12-22,-673692.0919000001
2015-12-24,-673692.0919000001
2015-12-25,-673692.0919000001
2015-12-28,-673692.0919000001
2015-12-29,-673692.0919000001
2015-12-30,-673692.0919000001
2016-01-04,-673692.0919000001
2016-01-05,-673692.0919000001
2016-01-06,-673692.0919000001
2016-01-07,-697550.3794000001
2016-01-08,-697550.3794000001
2016-01-12,-697550.3794000001
2016-01-13,-697550.3794000001
2016-01-14,-697550.3794000001
2016-01-15,-697550.3794000001
2016-01-18,-697550.3794000001
2016-01-19,-697550.3794000001
2016-01-20,-697550.3794000001
2016-01-21,-697550.3794000001
2016-01-22,-697550.3794000001
2016-01-25,-697550.3794000001
2016-01-26,-697550.3794000001
2016-01-27,-697550.3794000001
2016-01-28,-697550.3794000001
2016-01-29,-697550.3794000001
2016-02-01,-697550.3794000001
2016-02-02,-697550.3794000001
2016-02-03,-727168.2034000001
2016-02-04,-727168.2034000001
2016-02-05,-727168.2034000001
2016-02-08,-727168.2034000001
2016-02-09,-727168.2034000001
2016-02-10,-727168.2034000001
2016-02-12,-727168.2034000001
2016-02-15,-727168.2034000001
2016-02-16,-727168.2034000001
2016-02-17,-727168.2034000001
2016-02-18,-727168.2034000001
2016-02-19,-727168.2034000001
2016-02-22,-727168.2034000001
2016-02-23,-727168.2034000001
2016-02-24,-727168.2034000001
2016-02-25,-727168.2034000001
2016-02-26,-727168.2034000001
2016-02-29,-727168.2034000001
2016-03-01,-727168.2034000001
2016-03-02,-705767.0866000002
2016-03-03,-705767.0866000002
2016-03-04,-705767.0866000002
2016-03-07,-705767.0866000002
2016-03-08,-705767.0866000002
2016-03-09,-705767.0866000002
2016-03-10,-705767.0866000002
2016-03-11,-705767.0866000002
2016-03-14,-705767.0866000002
2016-03-15,-705767.0866000002
2016-03-16,-705767.0866000002
2016-03-17,-705767.0866000002
2016-03-18,-705767.0866000002
2016-03-22,-705767.0866000002
2016-03-23,-705767.0866000002
2016-03-24,-705767.0866000002
2016-03-25,-705767.0866000002
2016-03-28,-705767.0866000002
2016-03-29,-708171.4956000001
2016-03-30,-708171.4956000001
2016-03-31,-708171.4956000001
2016-04-01,-806756.0082000002
2016-04-04,-806756.0082000002
2016-04-05,-806756.0082000002
2016-04-06,-806756.0082000002
2016-04-07,-806756.0082000002
2016-04-08,-806756.0082000002
2016-04-11,-806756.0082000002
2016-04-12,-806756.0082000002
2016-04-13,-806756.0082000002
2016-04-14,-806756.0082000002
2016-04-15,-806756.0082000002
2016-04-18,-806756.0082000002
2016-04-19,-806756.0082000002
2016-04-20,-806756.0082000002
2016-04-21,-806756.0082000002
2016-04-22,-806756.0082000002
2016-04-25,-806756.0082000002
2016-04-26,-806756.0082000002
2016-04-27,-806756.0082000002
2016-04-28,-808514.9658000001
2016-05-02,-808514.9658000001
2016-05-06,-808514.9658000001
2016-05-09,-808514.9658000001
2016-05-10,-808514.9658000001
2016-05-11,-808514.9658000001
2016-05-12,-808514.9658000001
2016-05-13,-808514.9658000001
2016-05-16,-808514.9658000001
2016-05-17,-808514.9658000001
2016-05-18,-808514.9658000001
2016-05-19,-808514.9658000001
2016-05-20,-808514.9658000001
2016-05-23,-808514.9658000001
2016-05-24,-808514.9658000001
2016-05-25,-808514.9658000001
2016-05-26,-808514.9658000001
2016-05-27,-808514.9658000001
2016-05-30,-808514.9658000001
2016-05-31,-808514.9658000001
2016-06-01,-808514.9658000001
2016-06-02,-833074.4214000001
2016-06-03,-833074.4214000001
2016-06-06,-833074.4214000001
2016-06-07,-833074.4214000001
2016-06-08,-833074.4214000001
2016-06-09,-833074.4214000001
2016-06-10,-833074.4214000001
2016-06-13,-872496.0558
2016-06-14,-872496.0558
2016-06-15,-872496.0558
2016-06-16,-872496.0558
2016-06-17,-872496.0558
2016-06-20,-872496.0558
2016-06-21,-872496.0558
2016-06-22,-872496.0558
2016-06-23,-872496.0558
2016-06-24,-872496.0558
2016-06-27,-872496.0558
2016-06-28,-872496.0558
2016-06-29,-872496.0558
2016-06-30,-872496.0558
2016-07-01,-872496.0558
2016-07-04,-872496.0558
2016-07-05,-872496.0558
2016-07-06,-872496.0558
2016-07-07,-872496.0558
2016-07-08,-872496.0558
2016-07-11,-872496.0558
2016-07-12,-872496.0558
2016-07-13,-872496.0558
2016-07-14,-872496.0558
2016-07-15,-872496.0558
2016-07-19,-872496.0558
2016-07-20,-872496.0558
2016-07-21,-872496.0558
2016-07-22,-872496.0558
2016-07-25,-872496.0558
2016-07-26,-872496.0558
2016-07-27,-872496.0558
2016-07-28,-872496.0558
2016-07-29,-872496.0558
2016-08-01,-870004.4447
2016-08-02,-870004.4447
2016-08-03,-870004.4447
2016-08-04,-870004.4447
2016-08-05,-870004.4447
2016-08-08,-870004.4447
2016-08-09,-870004.4447
2016-08-10,-870004.4447
2016-08-12,-842666.5527000001
2016-08-15,-842666.5527000001
2016-08-16,-842666.5527000001
2016-08-17,-842666.5527000001
2016-08-18,-842666.5527000001
2016-08-19,-842666.5527000001
2016-08-22,-842666.5527000001
2016-08-23,-849234.3015000001
2016-08-24,-849234.3015000001
2016-08-25,-849234.3015000001
2016-08-26,-849234.3015000001
2016-08-29,-832903.5221000002
2016-08-30,-832903.5221000002
2016-08-31,-832903.5221000002
2016-09-01,-832903.5221000002
2016-09-02,-832903.5221000002
2016-09-05,-832903.5221000002
2016-09-06,-832903.5221000002
2016-09-07,-832903.5221000002
2016-09-08,-832903.5221000002
2016-09-09,-832903.5221000002
2016-09-12,-832903.5221000002
2016-09-13,-832903.5221000002
2016-09-14,-832903.5221000002
2016-09-15,-832903.5221000002
2016-09-16,-832903.5221000002
2016-09-20,-832903.5221000002
2016-09-21,-832903.5221000002
2016-09-23,-832903.5221000002
2016-09-26,-832903.5221000002
2016-09-27,-832903.5221000002
2016-09-28,-832903.5221000002
2016-09-29,-832903.5221000002
2016-09-30,-832903.5221000002
2016-10-03,-788499.6641
2016-10-04,-788499.6641
2016-10-05,-788499.6641
2016-10-06,-692811.9467000001
2016-10-07,-697423.1012
2016-10-11,-697423.1012
2016-10-12,-697423.1012
2016-10-13,-697423.1012
2016-10-14,-697423.1012
2016-10-17,-697423.1012
2016-10-18,-697423.1012
2016-10-19,-697423.1012
2016-10-20,-697423.1012
2016-10-21,-697423.1012
2016-10-24,-697423.1012
2016-10-25,-697423.1012
2016-10-26,-697423.1012
2016-10-27,-697423.1012
2016-10-28,-697423.1012
2016-10-31,-697423.1012
2016-11-01,-717153.8903000002
2016-11-02,-694357.8403
2016-11-04,-694357.8403
2016-11-07,-694357.8403
2016-11-08,-694872.6767000001
2016-11-09,-694872.6767000001
2016-11-10,-643847.8107
2016-11-11,-621396.1067000001
2016-11-14,-621396.1067000001
2016-11-15,-621396.1067000001
2016-11-16,-621396.1067000001
2016-11-17,-621396.1067000001
2016-11-18,-621396.1067000001
2016-11-21,-621396.1067000001
2016-11-22,-621396.1067000001
2016-11-24,-621396.1067000001
2016-11-25,-621396.1067000001
2016-11-28,-621396.1067000001
2016-11-29,-621396.1067000001
2016-11-30,-621396.1067000001
2016-12-01,-621396.1067000001
2016-12-02,-621396.1067000001
2016-12-05,-621396.1067000001
2016-12-06,-621396.1067000001
2016-12-07,-621396.1067000001
2016-12-08,-621396.1067000001
2016-12-09,-621396.1067000001
2016-12-12,-517818.4447000001
2016-12-13,-462988.13950000005
2016-12-14,-462988.13950000005
2016-12-15,-467447.87030000007
2016-12-16,-443327.3291000001
2016-12-19,-443327.3291000001
2016-12-20,-406286.55910000013
2016-12-21,-406286.55910000013
2016-12-22,-406286.55910000013
2016-12-26,-406286.55910000013
2016-12-27,-406286.55910000013
2016-12-28,-384560.2371
2016-12-29,-384560.2371
2016-12-30,-384560.2371
2017-01-04,-384560.2371
2017-01-05,-384560.2371
2017-01-06,-362859.9931000002
2017-01-10,-362859.9931000002
2017-01-11,-362859.9931000002
2017-01-12,-362859.9931000002
2017-01-13,-362859.9931000002
2017-01-16,-362859.9931000002
2017-01-17,-362859.9931000002
2017-01-18,-362859.9931000002
2017-01-19,-362859.9931000002
2017-01-20,-301880.3051000002
2017-01-23,-288504.81010000024
2017-01-24,-286350.15570000024
2017-01-25,-286350.15570000024
2017-01-26,-156753.26380000004
2017-01-27,-156753.26380000004
2017-01-30,-156753.26380000004
2017-01-31,-156753.26380000004
2017-02-01,-156753.26380000004
2017-02-02,-156753.26380000004
2017-02-03,-156753.26380000004
2017-02-06,-156753.26380000004
2017-02-07,-156753.26380000004
2017-02-08,-156753.26380000004
2017-02-09,-156753.26380000004
2017-02-10,-144860.90079999992
2017-02-13,-144860.90079999992
2017-02-14,-164297.66759999967
2017-02-15,-164297.66759999967
2017-02-16,-164297.66759999967
2017-02-17,-164297.66759999967
2017-02-20,-164297.66759999967
2017-02-21,-164297.66759999967
2017-02-22,-164297.66759999967
2017-02-23,-136428.40679999962
2017-02-24,-136428.40679999962
2017-02-27,-136428.40679999962
2017-02-28,-136428.40679999962
2017-03-01,-136428.40679999962
2017-03-02,-109224.31379999987
2017-03-03,-109224.31379999987
2017-03-06,-109224.31379999987
2017-03-07,-109224.31379999987
2017-03-08,-109224.31379999987
2017-03-09,-109224.31379999987
2017-03-10,-109224.31379999987
2017-03-13,-85148.95379999965
2017-03-14,-85148.95379999965
2017-03-15,-85148.95379999965
2017-03-16,-85148.95379999965
2017-03-17,-72261.49739999986
2017-03-21,-72261.49739999986
2017-03-22,-94684.41779999992
2017-03-23,-128104.6413
2017-03-24,-122991.59279999997
2017-03-27,-122991.59279999997
2017-03-28,-122991.59279999997
2017-03-29,-106109.38069999997
2017-03-30,-50986.021499999784
2017-03-31,-50986.021499999784
2017-04-03,-50986.021499999784
2017-04-04,-50986.021499999784
2017-04-05,-50986.021499999784
2017-04-06,-50986.021499999784
2017-04-07,-50986.021499999784
2017-04-10,-50986.021499999784
2017-04-11,-50986.021499999784
2017-04-12,-50986.021499999784
2017-04-13,-50986.021499999784
2017-04-14,-50986.021499999784
2017-04-17,-50986.021499999784
2017-04-18,-50986.021499999784
2017-04-19,-50986.021499999784
2017-04-20,-50986.021499999784
2017-04-21,-50986.021499999784
2017-04-24,-50986.021499999784
2017-04-25,-50986.021499999784
2017-04-26,-50986.021499999784
2017-04-27,-50986.021499999784
2017-04-28,-50986.021499999784
2017-05-01,-50986.021499999784
2017-05-02,-66527.09729999978
2017-05-08,-66527.09729999978
2017-05-09,-66527.09729999978
2017-05-10,-66527.09729999978
2017-05-11,-66527.09729999978
2017-05-12,-104486.75459999997
2017-05-15,-104486.75459999997
2017-05-16,-104486.75459999997
2017-05-17,-128270.412
2017-05-18,-128270.412
2017-05-19,-128270.412
2017-05-22,-128270.412
2017-05-23,-128270.412
2017-05-24,-128270.412
2017-05-25,-128270.412
2017-05-26,-128270.412
2017-05-29,-128270.412
2017-05-30,-128270.412
2017-05-31,-128270.412
2017-06-01,-114525.87100000003
2017-06-02,-30572.467500000013
2017-06-05,117748.8054999998
2017-06-06,117748.8054999998
2017-06-07,117748.8054999998
2017-06-08,117748.8054999998
2017-06-09,117748.8054999998
2017-06-12,117748.8054999998
2017-06-13,159512.9959
2017-06-14,159512.9959
2017-06-15,270798.83349999995
2017-06-16,270798.83349999995
2017-06-19,312725.8507999999
2017-06-20,374764.7967999999
2017-06-21,396370.14639999997
2017-06-22,396370.14639999997
2017-06-23,396370.14639999997
2017-06-26,396370.14639999997
2017-06-27,396370.14639999997
2017-06-28,396370.14639999997
2017-06-29,396370.14639999997
2017-06-30,396370.14639999997
2017-07-03,396370.14639999997
2017-07-04,396370.14639999997
2017-07-05,396370.14639999997
2017-07-06,396370.14639999997
2017-07-07,396370.14639999997
2017-07-10,396370.14639999997
2017-07-11,396370.14639999997
2017-07-12,396370.14639999997
2017-07-13,396370.14639999997
2017-07-14,396370.14639999997
2017-07-18,396370.14639999997
2017-07-19,396370.14639999997
2017-07-20,396370.14639999997
2017-07-21,396370.14639999997
2017-07-24,396370.14639999997
2017-07-25,396370.14639999997
2017-07-26,396370.14639999997
2017-07-27,396370.14639999997
2017-07-28,396370.14639999997
2017-07-31,396370.14639999997
2017-08-01,411169.96360000013
2017-08-02,411169.96360000013
2017-08-03,411169.96360000013
2017-08-04,411169.96360000013
2017-08-07,411169.96360000013
2017-08-08,411169.96360000013
2017-08-09,411169.96360000013
2017-08-10,439030.2681
2017-08-14,439030.2681
2017-08-15,439030.2681
2017-08-16,468251.3576999998
2017-08-17,499201.58999999985
2017-08-18,499201.58999999985
2017-08-21,499201.58999999985
2017-08-22,499201.58999999985
2017-08-23,505888.57239999995
2017-08-24,505888.57239999995
2017-08-25,505888.57239999995
2017-08-28,505888.57239999995
2017-08-29,505888.57239999995
2017-08-30,512793.5155
2017-08-31,512793.5155
2017-09-01,512793.5155
2017-09-04,495653.9756
2017-09-05,495653.9756
2017-09-06,495653.9756
2017-09-07,495653.9756
2017-09-08,495653.9756
2017-09-11,495653.9756
2017-09-12,601513.1564
2017-09-13,657296.5044000004
2017-09-14,657296.5044000004
2017-09-15,657296.5044000004
2017-09-19,657296.5044000004
2017-09-20,657296.5044000004
2017-09-21,657296.5044000004
2017-09-22,657296.5044000004
2017-09-25,657296.5044000004
2017-09-26,657296.5044000004
2017-09-27,657296.5044000004
2017-09-28,657296.5044000004
2017-09-29,657296.5044000004
2017-10-02,658496.9071000004
2017-10-03,658496.9071000004
2017-10-04,658496.9071000004
2017-10-05,658496.9071000004
2017-10-06,658496.9071000004
2017-10-10,658496.9071000004
2017-10-11,658496.9071000004
2017-10-12,658496.9071000004
2017-10-13,658496.9071000004
2017-10-16,676646.1515000004
2017-10-17,702742.125500001
2017-10-18,737080.6076000007
2017-10-19,737080.6076000007
2017-10-20,737080.6076000007
2017-10-23,758847.8216000004
2017-10-24,933446.1873999997
2017-10-25,933446.1873999997
2017-10-26,943497.5251999996
2017-10-27,970279.8849999993
2017-10-30,970279.8849999993
2017-10-31,970279.8849999993
2017-11-01,1001908.3281999994
2017-11-02,1047448.8329999993
2017-11-06,1104503.6689999995
2017-11-07,1189409.8643999996
2017-11-08,1189409.8643999996
2017-11-09,1189409.8643999996
2017-11-10,1189409.8643999996
2017-11-13,1189409.8643999996
2017-11-14,1189409.8643999996
2017-11-15,1189409.8643999996
2017-11-16,1189409.8643999996
2017-11-17,1189409.8643999996
2017-11-20,1189409.8643999996
2017-11-21,1189409.8643999996
2017-11-22,1189409.8643999996
2017-11-24,1189409.8643999996
2017-11-27,1189409.8643999996
2017-11-28,1189409.8643999996
2017-11-29,1189409.8643999996
2017-11-30,1215187.7493999994
2017-12-01,1215187.7493999994
2017-12-04,1215187.7493999994
2017-12-05,1215187.7493999994
2017-12-06,1215187.7493999994
2017-12-07,1215187.7493999994
2017-12-08,1215187.7493999994
2017-12-11,1252537.8473999996
2017-12-12,1301292.7899999993
2017-12-13,1301292.7899999993
2017-12-14,1301292.7899999993
2017-12-15,1340996.3149999992
2017-12-18,1340996.3149999992
2017-12-19,1340996.3149999992
2017-12-20,1340996.3149999992
2017-12-21,1340996.3149999992
2017-12-22,1395584.449399999
2017-12-25,1395584.449399999
2017-12-26,1395584.449399999
2017-12-27,1415225.9723999992
2017-12-28,1415225.9723999992
2017-12-29,1404298.0427999992
2018-01-04,1492797.6857999994
2018-01-05,1492797.6857999994
2018-01-09,1553512.7129999993
2018-01-10,1581688.2099999993
2018-01-11,1581688.2099999993
2018-01-12,1581688.2099999993
2018-01-15,1581688.2099999993
2018-01-16,1581688.2099999993
2018-01-17,1581688.2099999993
2018-01-18,1581688.2099999993
2018-01-19,1581688.2099999993
2018-01-22,1581688.2099999993
2018-01-23,1599973.6036999992
2018-01-24,1599973.6036999992
2018-01-25,1599973.6036999992
2018-01-26,1599973.6036999992
2018-01-29,1599973.6036999992
2018-01-30,1599973.6036999992
2018-01-31,1599973.6036999992
2018-02-01,1637272.0495999998
2018-02-02,1637272.0495999998
2018-02-05,1637272.0495999998
2018-02-06,1637272.0495999998
2018-02-07,1637272.0495999998
2018-02-08,1637272.0495999998
2018-02-09,1637272.0495999998
2018-02-13,1637272.0495999998
2018-02-14,1637272.0495999998
2018-02-15,1637272.0495999998
2018-02-16,1637272.0495999998
2018-02-19,1643513.7808999994
2018-02-20,1643513.7808999994
2018-02-21,1643513.7808999994
2018-02-22,1643513.7808999994
2018-02-23,1643513.7808999994
2018-02-26,1643513.7808999994
2018-02-27,1643513.7808999994
2018-02-28,1643513.7808999994
2018-03-01,1643513.7808999994
2018-03-02,1643513.7808999994
2018-03-05,1643513.7808999994
2018-03-06,1643513.7808999994
2018-03-07,1643513.7808999994
2018-03-08,1700964.8408999986
2018-03-09,1700964.8408999986
2018-03-12,1700964.8408999986
2018-03-13,1700964.8408999986
2018-03-14,1700964.8408999986
2018-03-15,1700964.8408999986
2018-03-16,1700964.8408999986
2018-03-19,1700964.8408999986
2018-03-20,1700964.8408999986
2018-03-22,1700964.8408999986
2018-03-23,1636804.6598999996
2018-03-26,1636804.6598999996
2018-03-27,1636804.6598999996
2018-03-28,1636804.6598999996
2018-03-29,1636804.6598999996
2018-03-30,1636804.6598999996
2018-04-02,1636804.6598999996
2018-04-03,1636804.6598999996
2018-04-04,1636804.6598999996
2018-04-05,1636804.6598999996
2018-04-06,1636804.6598999996
2018-04-09,1636804.6598999996
2018-04-10,1620789.8735999998
2018-04-11,1620789.8735999998
2018-04-12,1620789.8735999998
2018-04-13,1620789.8735999998
2018-04-16,1620789.8735999998
2018-04-17,1620789.8735999998
2018-04-18,1620789.8735999998
2018-04-19,1620789.8735999998
2018-04-20,1620789.8735999998
2018-04-23,1620789.8735999998
2018-04-24,1620789.8735999998
2018-04-25,1620789.8735999998
2018-04-26,1620789.8735999998
2018-04-27,1620789.8735999998
2018-05-01,1620789.8735999998
2018-05-02,1620789.8735999998
2018-05-07,1620789.8735999998
2018-05-08,1620789.8735999998
2018-05-09,1620789.8735999998
2018-05-10,1620789.8735999998
2018-05-11,1647815.7425999998
2018-05-14,1647815.7425999998
2018-05-15,1647815.7425999998
2018-05-16,1647815.7425999998
2018-05-17,1647815.7425999998
2018-05-18,1647815.7425999998
2018-05-21,1647815.7425999998
2018-05-22,1647815.7425999998
2018-05-23,1647815.7425999998
2018-05-24,1647815.7425999998
2018-05-25,1647815.7425999998
2018-05-28,1647815.7425999998
2018-05-29,1647815.7425999998
2018-05-30,1647815.7425999998
2018-05-31,1677883.0561999988
2018-06-01,1677883.0561999988
2018-06-04,1716299.427199999
2018-06-05,1732166.9368999999
2018-06-06,1732166.9368999999
2018-06-07,1767483.3401000004
2018-06-08,1767483.3401000004
2018-06-11,1767483.3401000004
2018-06-12,1767483.3401000004
2018-06-13,1860491.8101999995
2018-06-14,1860491.8101999995
2018-06-15,1860491.8101999995
2018-06-18,1860491.8101999995
2018-06-19,1860491.8101999995
2018-06-20,1860491.8101999995
2018-06-21,1860491.8101999995
2018-06-22,1860491.8101999995
2018-06-25,1860491.8101999995
2018-06-26,1860491.8101999995
2018-06-27,1860491.8101999995
2018-06-28,1860491.8101999995
2018-06-29,1860491.8101999995
2018-07-02,1860491.8101999995
2018-07-03,1860491.8101999995
2018-07-04,1860491.8101999995
2018-07-05,1860491.8101999995
2018-07-06,1974071.6024999993
2018-07-09,1974071.6024999993
2018-07-10,2108257.0054999995
2018-07-11,2108257.0054999995
2018-07-12,2108257.0054999995
2018-07-13,2108257.0054999995
2018-07-17,2056038.4219999996
2018-07-18,2056038.4219999996
2018-07-19,2056038.4219999996
2018-07-20,2056038.4219999996
2018-07-23,2056038.4219999996
2018-07-24,2056038.4219999996
2018-07-25,2056038.4219999996
2018-07-26,2056038.4219999996
2018-07-27,2056038.4219999996
2018-07-30,2056038.4219999996
2018-07-31,2056038.4219999996
2018-08-01,2032897.1683999996
2018-08-02,2032897.1683999996
2018-08-03,2032897.1683999996
2018-08-06,2032897.1683999996
2018-08-07,2032897.1683999996
2018-08-08,2032897.1683999996
2018-08-09,2032897.1683999996
2018-08-10,2032897.1683999996
2018-08-13,2032897.1683999996
2018-08-14,2032897.1683999996
2018-08-15,2032897.1683999996
2018-08-16,2032897.1683999996
2018-08-17,2032897.1683999996
2018-08-20,2032897.1683999996
2018-08-21,2032897.1683999996
2018-08-22,2032897.1683999996
2018-08-23,2032897.1683999996
2018-08-24,2032897.1683999996
2018-08-27,2032897.1683999996
2018-08-28,2032897.1683999996
2018-08-29,2032897.1683999996
2018-08-30,2032897.1683999996
2018-08-31,2032897.1683999996
2018-09-03,2032897.1683999996
2018-09-04,2032897.1683999996
2018-09-05,2032897.1683999996
2018-09-06,2032897.1683999996
2018-09-07,2032897.1683999996
2018-09-10,2032897.1683999996
2018-09-11,2032897.1683999996
2018-09-12,2032897.1683999996
2018-09-13,2032897.1683999996
2018-09-14,2032897.1683999996
2018-09-18,2055875.7043999995
2018-09-19,2055875.7043999995
2018-09-20,2055875.7043999995
2018-09-21,2055875.7043999995
2018-09-25,2055875.7043999995
2018-09-26,2055875.7043999995
2018-09-27,2055875.7043999995
2018-09-28,2055875.7043999995
2018-10-01,2044123.6379999996
2018-10-02,2044123.6379999996
2018-10-03,2044123.6379999996
2018-10-04,2044123.6379999996
2018-10-05,2044123.6379999996
2018-10-09,2044123.6379999996
2018-10-10,2044123.6379999996
2018-10-11,2044123.6379999996
2018-10-12,2044123.6379999996
2018-10-15,2044123.6379999996
2018-10-16,2044123.6379999996
2018-10-17,2044123.6379999996
2018-10-18,2044123.6379999996
2018-10-19,2044123.6379999996
2018-10-22,2044123.6379999996
2018-10-23,2016934.2698999995
2018-10-24,2016934.2698999995
2018-10-25,2016934.2698999995
2018-10-26,2016934.2698999995
2018-10-29,2046710.4062999992
2018-10-30,2046710.4062999992
2018-10-31,2046710.4062999992
2018-11-01,2046710.4062999992
2018-11-02,2046710.4062999992
2018-11-05,2046710.4062999992
2018-11-06,2046710.4062999992
2018-11-07,2046710.4062999992
2018-11-08,2046710.4062999992
2018-11-09,2046710.4062999992
2018-11-12,2046710.4062999992
2018-11-13,2046710.4062999992
2018-11-14,2046710.4062999992
2018-11-15,2046710.4062999992
2018-11-16,2046710.4062999992
2018-11-19,2046710.4062999992
2018-11-20,2046710.4062999992
2018-11-21,2046710.4062999992
2018-11-22,2046710.4062999992
2018-11-26,2046710.4062999992
2018-11-27,2046710.4062999992
2018-11-28,2046710.4062999992
2018-11-29,2046710.4062999992
2018-11-30,2026880.3090999995
2018-12-03,2026880.3090999995
2018-12-04,2026880.3090999995
2018-12-05,2026880.3090999995
2018-12-06,1976453.9756999996
2018-12-07,1976453.9756999996
2018-12-10,1976453.9756999996
2018-12-11,1976453.9756999996
2018-12-12,1976453.9756999996
2018-12-13,1976453.9756999996
2018-12-14,1976453.9756999996
2018-12-17,1976453.9756999996
2018-12-18,1973735.9756999996
2018-12-19,1973735.9756999996
2018-12-20,1973735.9756999996
2018-12-21,1973735.9756999996
2018-12-25,1973735.9756999996
2018-12-26,1965002.5230999996
2018-12-27,1965002.5230999996
2018-12-28,1965002.5230999996
2019-01-04,1965002.5230999996
2019-01-07,1965002.5230999996
2019-01-08,1965002.5230999996
2019-01-09,1965002.5230999996
2019-01-10,1965002.5230999996
2019-01-11,1965002.5230999996
2019-01-15,1965002.5230999996
2019-01-16,1965002.5230999996
2019-01-17,1965002.5230999996
2019-01-18,1965002.5230999996
2019-01-21,1965002.5230999996
2019-01-22,1965002.5230999996
2019-01-23,1965002.5230999996
2019-01-24,1965002.5230999996
2019-01-25,1965002.5230999996
2019-01-28,1955341.9122999997
2019-01-29,1955341.9122999997
2019-01-30,1932930.784399999
2019-01-31,1932930.784399999
2019-02-01,1932930.784399999
2019-02-04,1932930.784399999
2019-02-05,1932930.784399999
2019-02-06,1932930.784399999
2019-02-07,1932930.784399999
2019-02-08,1719795.9994999992
2019-02-12,1719795.9994999992
2019-02-13,1719795.9994999992
2019-02-14,1731764.487499999
2019-02-15,1747339.5781999992
2019-02-18,1747339.5781999992
2019-02-19,1747339.5781999992
2019-02-20,1747339.5781999992
2019-02-21,1747339.5781999992
2019-02-22,1747339.5781999992
2019-02-25,1747339.5781999992
2019-02-26,1747339.5781999992
2019-02-27,1747339.5781999992
2019-02-28,1747339.5781999992
2019-03-01,1827024.803
2019-03-04,1827024.803
2019-03-05,1827024.803
2019-03-06,1827024.803
2019-03-07,1827024.803
2019-03-08,1827024.803
2019-03-11,1827024.803
2019-03-12,1840178.1393000002
2019-03-13,1840178.1393000002
2019-03-14,1840178.1393000002
2019-03-15,1840178.1393000002
2019-03-18,1843428.1393000002
2019-03-19,1881344.1832
2019-03-20,1881344.1832
2019-03-22,1936789.0792
2019-03-25,1936789.0792
2019-03-26,1936789.0792
2019-03-27,2045354.1413999991
2019-03-28,2045354.1413999991
2019-03-29,2045354.1413999991
2019-04-01,2045354.1413999991
2019-04-02,2045354.1413999991
2019-04-03,2045354.1413999991
2019-04-04,2045354.1413999991
2019-04-05,2045354.1413999991
2019-04-08,2045354.1413999991
2019-04-09,2045354.1413999991
2019-04-10,2045354.1413999991
2019-04-11,2045354.1413999991
2019-04-12,2045354.1413999991
2019-04-15,2045354.1413999991
2019-04-16,2045354.1413999991
2019-04-17,2045354.1413999991
2019-04-18,2045354.1413999991
2019-04-19,2045354.1413999991
2019-04-22,2045354.1413999991
2019-04-23,2045354.1413999991
2019-04-24,2086221.060599999
2019-04-25,2035567.7945999997
2019-04-26,2057757.1721999994
2019-05-07,2132618.434099999
2019-05-08,2132618.434099999
2019-05-09,2132618.434099999
2019-05-10,2132618.434099999
2019-05-13,2136123.5130999987
2019-05-14,2136123.5130999987
2019-05-15,2136123.5130999987
2019-05-16,2136123.5130999987
2019-05-17,2136123.5130999987
2019-05-20,2136123.5130999987
2019-05-21,2136123.5130999987
2019-05-22,2136123.5130999987
2019-05-23,2136123.5130999987
2019-05-24,2136123.5130999987
2019-05-27,3314693.5884999987
2019-05-28,3314693.5884999987
2019-05-29,3314693.5884999987
2019-05-30,3314693.5884999987
2019-05-31,3314693.5884999987
2019-06-03,3314693.5884999987
2019-06-04,3314693.5884999987
2019-06-05,3328242.7527999994
2019-06-06,3328242.7527999994
2019-06-07,3328242.7527999994
2019-06-10,3328242.7527999994
2019-06-11,3328242.7527999994
2019-06-12,3328242.7527999994
2019-06-13,3328242.7527999994
2019-06-14,3328242.7527999994
2019-06-17,3328242.7527999994
2019-06-18,3328242.7527999994
2019-06-19,3328242.7527999994
2019-06-20,3328242.7527999994
2019-06-21,3328242.7527999994
2019-06-24,3328242.7527999994
2019-06-25,3328242.7527999994
2019-06-26,3328242.7527999994
2019-06-27,3328242.7527999994
2019-06-28,3328242.7527999994
2019-07-01,3328242.7527999994
2019-07-02,3328242.7527999994
2019-07-03,3307864.392699999
2019-07-04,3307864.392699999
2019-07-05,3307864.392699999
2019-07-08,3290398.966599999
2019-07-09,3338259.4595999992
2019-07-10,3338259.4595999992
2019-07-11,3338259.4595999992
2019-07-12,3338259.4595999992
2019-07-16,3338259.4595999992
2019-07-17,3338259.4595999992
2019-07-18,3338259.4595999992
2019-07-19,3338259.4595999992
2019-07-22,3338259.4595999992
2019-07-23,3338259.4595999992
2019-07-24,3338259.4595999992
2019-07-25,3338259.4595999992
2019-07-26,3338259.4595999992
2019-07-29,3338259.4595999992
2019-07-30,3338259.4595999992
2019-07-31,3338259.4595999992
2019-08-01,3345173.300399999
2019-08-02,3345173.300399999
2019-08-05,3345173.300399999
2019-08-06,3345173.300399999
2019-08-07,3345173.300399999
2019-08-08,3345173.300399999
2019-08-09,3404160.9815999996
2019-08-13,3404160.9815999996
2019-08-14,3404160.9815999996
2019-08-15,3404160.9815999996
2019-08-16,3404160.9815999996
2019-08-19,3404160.9815999996
2019-08-20,3404160.9815999996
2019-08-21,3404160.9815999996
2019-08-22,3404160.9815999996
2019-08-23,3404160.9815999996
2019-08-26,3404160.9815999996
2019-08-27,3404160.9815999996
2019-08-28,3404160.9815999996
2019-08-29,3404160.9815999996
2019-08-30,3379803.9635999994
2019-09-02,3379803.9635999994
2019-09-03,3379803.9635999994
2019-09-04,3379803.9635999994
2019-09-05,3379803.9635999994
2019-09-06,3379803.9635999994
2019-09-09,3379803.9635999994
2019-09-10,3379803.9635999994
2019-09-11,3379803.9635999994
2019-09-12,3379803.9635999994
2019-09-13,3379803.9635999994
2019-09-17,3379803.9635999994
2019-09-18,3379803.9635999994
2019-09-19,3379803.9635999994
2019-09-20,3379803.9635999994
2019-09-24,3379803.9635999994
2019-09-25,3379803.9635999994
2019-09-26,3379803.9635999994
2019-09-27,3379803.9635999994
2019-09-30,3379803.9635999994
2019-10-01,3378612.2413999992
2019-10-02,3378612.2413999992
2019-10-03,3378612.2413999992
2019-10-04,3378612.2413999992
2019-10-07,3378612.2413999992
2019-10-08,3378612.2413999992
2019-10-09,3378612.2413999992
2019-10-10,3378612.2413999992
2019-10-11,3460351.052499999
2019-10-15,3753554.7722999994
2019-10-16,3813457.9208
2019-10-17,3813457.9208
2019-10-18,3813457.9208
2019-10-21,3813457.9208
2019-10-23,3813457.9208
2019-10-24,3803011.8507999997
2019-10-25,3813455.2781999996
2019-10-28,3841603.7511999994
2019-10-29,3878424.4454999994
2019-10-30,3923882.331899999
2019-10-31,4022718.9698999994
2019-11-01,4022718.9698999994
2019-11-05,4022718.9698999994
2019-11-06,4022718.9698999994
2019-11-07,4022718.9698999994
2019-11-08,4022718.9698999994
2019-11-11,4022718.9698999994
2019-11-12,4022718.9698999994
2019-11-13,4022718.9698999994
2019-11-14,4022718.9698999994
2019-11-15,4022718.9698999994
2019-11-18,4022718.9698999994
2019-11-19,4022718.9698999994
2019-11-20,4022718.9698999994
2019-11-21,4022718.9698999994
2019-11-22,4022718.9698999994
2019-11-25,4022718.9698999994
2019-11-26,4022718.9698999994
2019-11-27,4022718.9698999994
2019-11-28,4063588.5077
2019-11-29,4063588.5077
2019-12-02,4082108.3077000002
2019-12-03,4082108.3077000002
2019-12-04,4082108.3077000002
2019-12-05,4082108.3077000002
2019-12-06,4082108.3077000002
2019-12-09,4104507.5971000004
2019-12-10,4145922.0279
2019-12-11,4173326.0942
2019-12-12,4173326.0942
2019-12-13,4294627.730599999
2019-12-16,4368434.7226
2019-12-17,4392496.9136
2019-12-18,4392496.9136
2019-12-19,4433371.2041
2019-12-20,4433371.2041
2019-12-23,4433371.2041
2019-12-24,4433371.2041
2019-12-25,4433371.2041
2019-12-26,4433371.2041
2019-12-27,4433371.2041
2019-12-30,4433371.2041
2020-01-06,4433371.2041
2020-01-07,4509401.9211
2020-01-08,4509401.9211
2020-01-09,4509401.9211
2020-01-10,4509401.9211
2020-01-14,4509401.9211
2020-01-15,4509401.9211
2020-01-16,4509401.9211
2020-01-17,4509401.9211
2020-01-20,4509401.9211
2020-01-21,4509401.9211
2020-01-22,4509401.9211
2020-01-23,4509401.9211
2020-01-24,4509401.9211
2020-01-27,4466489.1561
2020-01-28,4466489.1561
2020-01-29,4466489.1561
2020-01-30,4466489.1561
2020-01-31,4734030.0519
2020-02-03,4734030.0519
2020-02-04,4734030.0519
2020-02-05,4734030.0519
2020-02-06,4734030.0519
2020-02-07,4734030.0519
2020-02-10,4734030.0519
2020-02-12,4734030.0519
2020-02-13,4734030.0519
2020-02-14,4717415.6361
2020-02-17,4717415.6361
2020-02-18,4717415.6361
2020-02-19,4717415.6361
2020-02-20,4717415.6361
2020-02-21,4717415.6361
2020-02-25,4717415.6361
2020-02-26,4717415.6361
2020-02-27,4717415.6361
2020-02-28,4717415.6361
2020-03-02,4717415.6361
2020-03-03,4717415.6361
2020-03-04,4717415.6361
2020-03-05,4717415.6361
2020-03-06,4717415.6361
2020-03-09,4717415.6361
2020-03-10,4717415.6361
2020-03-11,4717415.6361
2020-03-12,4717415.6361
2020-03-13,4717415.6361
2020-03-16,4717415.6361
2020-03-17,4717415.6361
2020-03-18,4717415.6361
2020-03-19,4758388.1027
2020-03-23,4758388.1027
2020-03-24,4758388.1027
2020-03-25,4758388.1027
2020-03-26,4758388.1027
2020-03-27,4758388.1027
2020-03-30,4758388.1027
2020-03-31,4758388.1027
2020-04-01,4758388.1027
2020-04-02,4758388.1027
2020-04-03,4758388.1027
2020-04-06,4758388.1027
2020-04-07,4758388.1027
2020-04-08,4758388.1027
2020-04-09,4758388.1027
2020-04-10,4758388.1027
2020-04-13,4758388.1027
2020-04-14,4758388.1027
2020-04-15,4758388.1027
2020-04-16,4758388.1027
2020-04-17,4758388.1027
2020-04-20,4758388.1027
2020-04-21,4758388.1027
2020-04-22,4758388.1027
2020-04-23,4758388.1027
2020-04-24,4758388.1027
2020-04-27,4758388.1027
2020-04-28,4758388.1027
2020-04-30,4758388.1027
2020-05-01,4758388.1027
2020-05-07,4722483.824
2020-05-08,4722483.824
2020-05-11,4722483.824
2020-05-12,4722483.824
2020-05-13,4722483.824
2020-05-14,4722483.824
2020-05-15,4699342.289000001
2020-05-18,4699342.289000001
2020-05-19,4699342.289000001
2020-05-20,4699342.289000001
2020-05-21,4699342.289000001
2020-05-22,4699342.289000001
2020-05-25,4699342.289000001
2020-05-26,4699342.289000001
2020-05-27,4699342.289000001
2020-05-28,4699342.289000001
2020-05-29,4699342.289000001
2020-06-01,4699342.289000001
2020-06-02,4699342.289000001
2020-06-03,4699342.289000001
2020-06-04,4699342.289000001
2020-06-05,4699342.289000001
2020-06-08,4699342.289000001
2020-06-09,4699342.289000001
2020-06-10,4699342.289000001
2020-06-11,4699342.289000001
2020-06-12,4699342.289000001
2020-06-15,4699342.289000001
2020-06-16,4699342.289000001
2020-06-17,4699342.289000001
2020-06-18,4699342.289000001
2020-06-19,4699342.289000001
2020-06-22,4699342.289000001
2020-06-23,4699342.289000001
2020-06-24,4699342.289000001
2020-06-25,4699342.289000001
2020-06-26,4699342.289000001
2020-06-29,4699342.289000001
2020-06-30,4699342.289000001
2020-07-01,4699342.289000001
2020-07-02,4699342.289000001
2020-07-03,4699342.289000001
2020-07-06,4699342.289000001
2020-07-07,4699342.289000001
2020-07-08,4699342.289000001
2020-07-09,4699342.289000001
2020-07-10,4699342.289000001
2020-07-13,4715653.241700001
2020-07-14,4749453.241700001
2020-07-15,4749453.241700001
2020-07-16,4749453.241700001
2020-07-17,4749453.241700001
2020-07-20,4749453.241700001
2020-07-21,4749453.241700001
2020-07-22,4749453.241700001
2020-07-27,4749453.241700001
2020-07-28,4749453.241700001
2020-07-29,4710806.053000001
2020-07-30,4710806.053000001
2020-07-31,4710806.053000001
2020-08-03,4710806.053000001
2020-08-04,4797624.836000001
2020-08-05,4797624.836000001
2020-08-06,4797624.836000001
2020-08-07,4797624.836000001
2020-08-11,4797624.836000001
2020-08-12,4797624.836000001
2020-08-13,4797624.836000001
2020-08-14,4797624.836000001
2020-08-17,4797624.836000001
2020-08-18,4797624.836000001
2020-08-19,4797624.836000001
2020-08-20,4797624.836000001
2020-08-21,4797624.836000001
2020-08-24,4797624.836000001
2020-08-25,4797624.836000001
2020-08-26,4797624.836000001
2020-08-27,4797624.836000001
2020-08-28,4797624.836000001
2020-08-31,4797624.836000001
2020-09-01,4797624.836000001
2020-09-02,4797624.836000001
2020-09-03,4797624.836000001
2020-09-04,4797624.836000001
2020-09-07,4797624.836000001
2020-09-08,4797624.836000001
2020-09-09,4797624.836000001
2020-09-10,4797624.836000001
2020-09-11,4861169.693600001
2020-09-14,4861169.693600001
2020-09-15,4861169.693600001
2020-09-16,4861169.693600001
2020-09-17,4861169.693600001
2020-09-18,4861169.693600001
2020-09-23,4861169.693600001
2020-09-24,4861169.693600001
2020-09-25,4861169.693600001
2020-09-28,4861169.693600001
2020-09-29,4861169.693600001
2020-09-30,4796664.693600001
2020-10-02,4809121.958500001
2020-10-05,4809121.958500001
2020-10-06,4809121.958500001
2020-10-07,4809121.958500001
2020-10-08,4850848.958500001
2020-10-09,4850848.958500001
2020-10-12,4850848.958500001
2020-10-13,4850848.958500001
2020-10-14,4850848.958500001
2020-10-15,4850848.958500001
2020-10-16,4850848.958500001
2020-10-19,4850848.958500001
2020-10-20,4850848.958500001
2020-10-21,4850848.958500001
2020-10-22,4847218.958500001
2020-10-23,4838818.958500001
2020-10-26,4838818.958500001
2020-10-27,4838818.958500001
2020-10-28,4895868.958500001
2020-10-29,4889510.567100001
2020-10-30,4889510.567100001
2020-11-02,4889510.567100001
2020-11-04,4889510.567100001
2020-11-05,4889510.567100001
2020-11-06,4889510.567100001
2020-11-09,4889510.567100001
2020-11-10,4928194.0287999995
2020-11-11,4928194.0287999995
2020-11-12,4928194.0287999995
2020-11-13,4811898.5272
2020-11-16,4811898.5272
2020-11-17,4874410.5272
2020-11-18,4874410.5272
2020-11-19,4874410.5272
2020-11-20,4874410.5272
2020-11-24,4874410.5272
2020-11-25,4874410.5272
2020-11-26,4874410.5272
2020-11-27,4874410.5272
2020-11-30,4874410.5272
2020-12-01,4874410.5272
2020-12-02,4732330.639400001
2020-12-03,4732330.639400001
2020-12-04,4732330.639400001
2020-12-07,4732330.639400001
2020-12-08,4722154.639400001
2020-12-09,4710303.9734000005
2020-12-10,4710303.9734000005
2020-12-11,4710303.9734000005
2020-12-14,4710303.9734000005
2020-12-15,4710303.9734000005
2020-12-16,4710303.9734000005
2020-12-17,4710303.9734000005
2020-12-18,4710303.9734000005
2020-12-21,4710303.9734000005
2020-12-22,4710303.9734000005
2020-12-23,4853103.9734
2020-12-24,4853103.9734
2020-12-25,4893803.9734
2020-12-28,4976608.9734
2020-12-29,5128298.9734
2020-12-30,5128298.9734
2021-01-04,5128298.9734
2021-01-05,5128298.9734
2021-01-06,5128298.9734
2021-01-07,5438570.9734
2021-01-08,5438570.9734
2021-01-12,5438570.9734
2021-01-13,5388919.987
2021-01-14,5388919.987
2021-01-15,5388919.987
2021-01-18,5388919.987
2021-01-19,5388919.987
2021-01-20,5388919.987
2021-01-21,5388919.987
2021-01-22,5388919.987
2021-01-25,5388919.987
2021-01-26,5388919.987
2021-01-27,5388919.987
2021-01-28,5388919.987
2021-01-29,5388919.987
2021-02-01,5388919.987
2021-02-02,5503237.987
2021-02-03,5503237.987
2021-02-04,5503237.987
2021-02-05,5503237.987
2021-02-08,5533541.987
2021-02-09,5539324.387
2021-02-10,5555554.387
2021-02-12,5555554.387
2021-02-15,5555554.387
2021-02-16,5555554.387
2021-02-17,5555554.387
2021-02-18,5555554.387
2021-02-19,5555554.387
2021-02-22,5555554.387
2021-02-24,5555554.387
2021-02-25,5565284.387
2021-02-26,5565284.387
2021-03-01,5565284.387
2021-03-02,5565284.387
2021-03-03,5565284.387
2021-03-04,5565284.387
2021-03-05,5565284.387
2021-03-08,5565284.387
2021-03-09,5594202.387
2021-03-10,5594202.387
2021-03-11,5594202.387
2021-03-12,5656862.387
2021-03-15,5656862.387
2021-03-16,5656862.387
2021-03-17,5656862.387
2021-03-18,5656862.387
2021-03-19,5656862.387
